"","Protein_ID","Chromosome","Start","End","Strand","JGI_ID","transcriptID","Type","Probability","Sequence_AA"
"1","Sepmu1_103705","scaffold_1",409371,409910,"+","jgi.p|Sepmu1|103705",103789,"Effector",0.564,"MLLSLFITITLACFSNAQACGSITCGANEERVEIGGMLAFDDLPGLPIRPGTNVVVGWPRQGRRGLTIAYGNPTGVTIGITINSILRDTGVSFTATPAIGYTEITLDADPRHYFGHPVEILITYIPDFPPAENTIGSSFRTTPSGPSCDGKCGVKEGHLTGY*"
"2","Sepmu1_105099","scaffold_1",4799939,4800325,"-","jgi.p|Sepmu1|105099",105183,"Effector",0.729,"MVTLYLTWLWLLNLLLLQVFAARDCSIGGVHFYTELNCRPASQASAIGISGQFDPELKKCRLGSEFGYIASISKDPPDMCVDIRVFNNEHCNGTQVGGMSVSQTGCVTQDLGVQDGHWYQIWAALSPP*"
"3","Sepmu1_105807","scaffold_2",1913304,1914815,"-","jgi.p|Sepmu1|105807",105891,"Effector",0.561,"MRTTFLTITTLAYLALFCQAMSPARPRGHGQPKSPPDIPDILCCSKVPSCNNDPKCCLTNARAGEACKKPMLGKTWYVGTREQYHNIICPPPRCELHSSCSPLYSIWRFAKALALAQPIRQEEATNPNLDLNAALRYRDVTIIQTVALKAEKSTIRNLVASYDWVFLKLGSQECMPRPACEYLERGLGTIWTIDRDYVGKSYRGTLYPLRIYGLECEKGERERKRSLNIISIDSPSVRIAPKSSLQNHSHLAGRACMTNRQTVRTRQA*"
"4","Sepmu1_106234","scaffold_2",3311006,3311374,"+","jgi.p|Sepmu1|106234",106318,"Effector",0.755,"MPILTPHLPLFIPLFISIFLLSTPTLAQTTSNSTTASLPQCALECLNPASLLAGCAAGDYACSCQHFAEISLEARPCILNACNTTKELPRVCEGIRDLCRVYKVPVPEGCGVNVTLDGGGGS*"
"5","Sepmu1_106759","scaffold_3",1420407,1420904,"-","jgi.p|Sepmu1|106759",106843,"Effector",0.648,"MMMLMMLMMLMMLMMMARTALSTLFLTSQACPTSDKHILSRAGEWMCAGYGMGCELYRVADGIPADTHEGKSAVPVVDPACSRCCHAWDVAVDKGQVALPPLTRSQSGVKYMQYLNQCLSANTPQWRTRQKLPYGSEELSRLEQVGVEALKGGCLHIATVTWSIR*"
"6","Sepmu1_106910","scaffold_3",1895413,1896090,"+","jgi.p|Sepmu1|106910",106994,"Effector",0.56,"MKSTLAALWLIPAILSVGSFPVENYSLDYSLEEESFSVELSKRTHPAAPPPTPAEFHAPPNTCPADRPVFWVNQRSPEVTLDVGSRRQGLSGYFTIVLDPVTHHARTAGVEFFGDGVHISPSYTVRARTVPPPRPRGDGAGPFDTFVEVRIRSPAQTTPNGADNGLDYYWRGTEPSFVMRVTQETYRGHRHQSWRIRWDRIYSPAIAVFLVPLAGRRCTTGQRPP*"
"7","Sepmu1_107391","scaffold_4",937787,938732,"+","jgi.p|Sepmu1|107391",107475,"Effector",0.562,"MMMRSFIFSATILQVLLLLFARRQQPFAAAQLDTQDLALADPNQIENLAQTSPPVNRIQDRRCAPVVQNHADAIEQRIRSGDGNGGGPVRLTWKRYILDDVGSQLQESEEQQQQVDDECDDHVRAYVRVLHVGFDNGWITAADVRGNHEQAYNLGCLNCGSYLFFFSFCLSRMSPHLRFSGSALWNRVFELQQGQCPSSGVHQFGMLQSICGSGWTMLSVFRSTGLQAWMRW*"
"8","Sepmu1_107766","scaffold_4",2038565,2039207,"-","jgi.p|Sepmu1|107766",107850,"Effector",0.673,"MHTALFAAVAWAMFALAIPSSLDLFSDSLVTRDESLDKFLNCERLHVICSKTFLNAQLPDNDLAEFCADVSTGVDDWAVESHRDGSHCINTQPVDQGDPTCTVAAQYSWGKRFEAEFTIRRWRKTCNDPVTGPTGKKTAMLTEVCDIVHGDYSAHGTAKELKSVHCGD*"
"9","Sepmu1_108381","scaffold_5",1767098,1768087,"-","jgi.p|Sepmu1|108381",108465,"Effector",0.657,"MLRMLLLLLLVFSVSAGGTATEHAGTYCTAVYGSTVSIFGTVVAAVPIAMLDARIVWLTQKVPSITRDGIVFTILGRKEAGSTDFGTRRDIVGGCVRCRRGMLEVTADLLQEPNLGSGANEANEASEANVASEASEQEKAISRGCDVFSLHPWHSACTCVAMIGSTPKWRPRVRPGGVVFLLVGHVYPFENRAYRGRAPAFTTDTSDEFGIVNEGDDDDEKGVSEPDRRRSVHGTLFCWCCYWF*"
"10","Sepmu1_108448","scaffold_5",1969858,1970235,"+","jgi.p|Sepmu1|108448",108532,"Effector",0.564,"MKLLNMAFISVLAVLAHARSCDDKFDDCMESWIEQDFPDITKLPQAYYDDFEACQNKYYEADGHTCKSDNGGDDGDGDKCTKEQKEKGECDDDCTPEQEESGECGNQKKKKRHYRRHVQHMRRAL*"
"11","Sepmu1_109059","scaffold_6",1809756,1810477,"-","jgi.p|Sepmu1|109059",109143,"Effector",0.589,"MISTLLLVILTVLLPPVGVYCVAGCGADVLINICLTLLGYFPGHIHAFYILYIFYSRKEQQQQASSQQQQGGNYPSQQNFRSAPGIYSTKVQSGGFASSSRRGRGDYGTMAAAPAHPPN*"
"12","Sepmu1_109262","scaffold_7",527566,528340,"-","jgi.p|Sepmu1|109262",109346,"Effector",0.765,"MKILALFLALAIAVMGFPVDGIDSKDTTDIDWDTTKRAESSDLDKRSPFSNPFKCLGCYYVIRDCNPFVCRPPCDKKAVKNGLCPGSHPSPPPPPPPTYRNSLSLRTDLGYVGARTTYHSQDRWIAVSQSIEHDRSFSVVVTLSPDINPGSVATITDINMTVSGSGNRVLLPEVVSTPRRTHNGRTLYTRGSGMQTTVFRIPLDLVSELIKENGGSTGVTFTVRYNLDGELK*"
"13","Sepmu1_109376","scaffold_7",982865,983773,"+","jgi.p|Sepmu1|109376",109460,"Effector",0.784,"MFASSLLAILLALTSTAHAACSDHEVRLDCKSGGCPKEEATCPEGIEGVVAQSRMVTRYSCDTTLPVCLVKLGHAQASVALETTTCEALLPPTPTVYTVLHLTQQQKLDRSRPCIMNAFRPLSTRVGASQHYSLPLVLAGQFEDR*"
"14","Sepmu1_109557","scaffold_7",1597749,1598179,"+","jgi.p|Sepmu1|109557",109641,"Effector",0.948,"MLFRSIIITLASVAGIVEAAKYKRCKCHDSNTGLQVDWATEKACNDYRDDIPARVRFSYYDNRACMPNELDYIDGDTINNELFTLKCYRYGDTYGQYCWFKA*"
"15","Sepmu1_109977","scaffold_8",1165062,1165893,"-","jgi.p|Sepmu1|109977",110061,"Effector",0.841,"MLPSLPLFLLLLLPSLLTTAQKLPLDSTSHNHIQITLRPYKSNSCTNPSRRGSGKGHSITLKANHRADISSSSGIKIGEITHSKCVGFPRGGFNSFVFDGEGLYGIADGNGEGEGNGEGGVVKVKEKMGRCRVDVFPNRLCLGDVMGGLGEENLSENDRHPCIKDFVMNLKTGKRGVGRGLQLG*"
"16","Sepmu1_110053","scaffold_8",1405867,1406232,"-","jgi.p|Sepmu1|110053",110137,"Effector",0.89,"MGLPPAAVIVIALVSSGAAVLIAFALSSSYMKARRAEDDQNRLEMQSDQRGYMNDVRDRNKQIMMMENGYGVYRGGGGQNTHSSYLNSNAAMRYEGQREAGVVRPEMQARTETEGSSDVLG*"
"17","Sepmu1_110182","scaffold_8",1799310,1800405,"+","jgi.p|Sepmu1|110182",110266,"Effector",0.585,"MKSFLLASLLSPLLTYAASPANPFSNYFLIGFADNGPLIRSVTTVLVLPPIDQNQTGFLKVYPELATAFDKGGSVTGTGIALLDDRNPCPNNLQDWCVGARLVFGDAQNSGDYAPAPVGSKLGVSITYDPPSKKHNIAVTVNGKLVSSLPPTSPDNLEVGRAIGFRTQIECQLDPCGTVNKHEYLDTRVVLDKKDMSFGDTAVGNKAKATWKTPDGGLTWTADKIVVEAHTYA*"
"18","Sepmu1_110262","scaffold_9",279958,280698,"-","jgi.p|Sepmu1|110262",110346,"Effector",0.762,"MKFLTLLAAAMVNVAVADDRGVCKDWHPTIFNRINAFCLKTDIVVPSNYAEKGAGTNPTGRVWITKVGILNGIGCNPPQWVPTGICRRQFYSECASHKMKAYYGRLSCQGWYIQYAPGATKPVKGSDGSTWYVPMKKREALPEAMAEPEAEPEVKMYATKEEAEAAGLAAHEAEEKKARKAKKARRAMM*"
"19","Sepmu1_110606","scaffold_9",1473647,1474100,"+","jgi.p|Sepmu1|110606",110690,"Effector",0.831,"MLTAFIRALAATSLLLTATVTADFLHLPRRIHHANRQRRQPQGTENAIMIYDGPPSCDDVNNNYALLSEAADASSSGYYRCEGCGDYGDIVNWDIIELELNGQNGLGALYDL*"
"20","Sepmu1_110710","scaffold_10",71310,71968,"-","jgi.p|Sepmu1|110710",110794,"Effector",0.85,"MVWITKRAAAMIALSFFLPAHAVPHPLDSAHSPKTPSLAQAKNFAGMTPGNSNQLMKAKDSLDSLDTVDEEDHAPPPAQKYCLCVDPGQSQADTTATNKVCGGYGNNINNSRKGPTGATFTSCENIYEESFTAFGNSCIMFYGHASPGNGKEGAICCTTTGTEAGGQCNLYH*"
"21","Sepmu1_111202","scaffold_11",116979,117778,"+","jgi.p|Sepmu1|111202",111286,"Effector",0.841,"MLTSTFIAVGAAVLASFVSAQDDNHYTGDDQCSQNTLMACTSRSADGCLKISGSGQLCVEKTQDCDDTCSQVGPNMYAYIKWRSPDDTCICSTKDASKYIGQPATPNPPRIITGGKCNFRGLATCHGQKAFGCVQTEDAQLCVNQTKYCDAPCLLLGGGIYAYQKAKCEVYMEIHDADSRSNSSKDLSCVCTSEDAGVGRGIDKRTAFVA*"
"22","Sepmu1_111388","scaffold_11",740718,741263,"+","jgi.p|Sepmu1|111388",111472,"Effector",0.848,"MFTLTTLLAASGFLLSTSHALEFPDSSCAICPPDNQTLTACGQRFGSCYDFCAESRKEFPVPECNGVSDEVLICEYFKSDCGELYGGCYSNKGPIPGWAVPTCPPESEPSKPEPQTAPKQDPTCQICVDNINDCGAC*"
"23","Sepmu1_112113","scaffold_13",508453,508872,"+","jgi.p|Sepmu1|112113",112197,"Effector",0.935,"MRFFITTILAASGALAAPMTNDDQVHDTTVDLTSRSAPLADNTSSCSGYNDAFWNVDASAFTVKIGRPYLGGSRCGLIKEKVAQDFDLTGLKCKGAKDNKNTVITIASNMKPANLAKINTALKNAYPEIDFNCPTALKR*"
"24","Sepmu1_114121","scaffold_2",446867,447166,"+","jgi.p|Sepmu1|114121",114205,"Effector",0.749,"MQGAWTLFSLLAIAAALPIEGGIKTGQDLKPRAAEVDTPAGVQIVKRTDNSEKKRSGLAKFAFYDEPLFYPGAYPEEQK*"
"25","Sepmu1_114524","scaffold_2",1599581,1600152,"-","jgi.p|Sepmu1|114524",114608,"Effector",0.814,"MSQVPRGLRACLVCSFVQAANKWSKTGCPNCEDFLELRNSSDAIGDCTSEVFEGLVTVNDTSTGWVSRWLRIQGYVPGVYATKVNGLLPEDYVAAAENAGIRYIPRDGSANDDDQ*"
"26","Sepmu1_114581","scaffold_2",1734133,1734500,"-","jgi.p|Sepmu1|114581",114665,"Effector",0.588,"MKFFIFVSAIVLTFLAIFGVAADQPMKQIIISYPKGTPASVLEEAKKYVLDAGGFISHEYNLIMGFAATAPAKILETLQAAGKDHNVLIEEDSTVSINNS*"
"27","Sepmu1_115192","scaffold_2",3479703,3480353,"-","jgi.p|Sepmu1|115192",115276,"Effector",0.723,"MWSQLLVSALVGALMSKNHHLVLAADNSTSGPDDLAHCLCYKATSDGKIIPEDGATGSLCQQLHDGIPEQNFAGDPLYETYVSHPGTEAEEVHCRHPNIMSDDLRSLFKDGCKQFNRPDYRIDGANCCPLYDPTKSEDENSCSNV*"
"28","Sepmu1_115399","scaffold_3",489968,490672,"-","jgi.p|Sepmu1|115399",115483,"Effector",0.968,"MRFAAFTLLIATMVAESYADLHNVAVCVTGRKLSTFGGTPFSPSMTYYENYEVLVPATECACGYYFNRKTGTKQWDRCPDCTFDANEGVCRSKDWHIGGDEMNHYCTKYCGAQGAEAN*"
"29","Sepmu1_115602","scaffold_3",1097955,1098443,"+","jgi.p|Sepmu1|115602",115686,"Effector",0.803,"MRTSNLFPHLLTTTLLTSTASADFFVSNTSVCMGARPFFSQCTRGVKVLSNISNNTADPSPFSCSHLIHAEDNNYIHNGTMAPVRGDPYPSSVGGVCGSGQLNFVRDWESGEYVVNDLQGNVVGNCVAEKNVTDPEMHVRCSQWVGMLYFATAFRCKSWICG*"
"30","Sepmu1_115964","scaffold_3",2137938,2138430,"+","jgi.p|Sepmu1|115964",116048,"Effector",0.81,"MKSTIFTTTLATLLLHTSTSLAAPNAQPVKGAGLITGWSKPVTYCNYGWTGNGGCEAKGKWTFCCSSKAGGNFENSKFYTEDAGLGGCYDGGVILCAE*"
"31","Sepmu1_116018","scaffold_3",2332641,2333873,"-","jgi.p|Sepmu1|116018",116102,"Effector",0.656,"MASTTSIARLLTALFVPRLIGSSIGIWSRKSLARLDDGHLGNTGVISLFALQQHQCIQKLKKPLPLWDQQAGSATARPPVPVGNIEDMVDRRPTRQDEFMRRTVDIIIIIIIIGITIIFIIIIDSLRSNEDEAFDRPLKPRNHPYFYTSSRLSSD*"
"32","Sepmu1_116523","scaffold_4",1237614,1238072,"-","jgi.p|Sepmu1|116523",116607,"Effector",0.917,"MQFKLFTAAIAAMAVGGAVASPVPDVEARDLRLELDTQHKQFNDRLNDIRKSQQAQGWSVPNSSQITRIKQQVQGAHRWSSNQRSQFWPYTYYNNYYDSDLYNSYRSYYILYSNLYNNCYYGQDYCKNYYKW*"
"33","Sepmu1_116714","scaffold_4",1743132,1743498,"+","jgi.p|Sepmu1|116714",116798,"Effector",0.936,"MLLIFTVLLAFLNALAFAADQSPDVAFSLTQEYRPDTEWRTCRSAGNVRTNCGFCYLRGSFLGWNCACDTFCHNTMNECYYITESNPGGYEKISCVRDQAITV*"
"34","Sepmu1_116748","scaffold_4",1830166,1830944,"-","jgi.p|Sepmu1|116748",116832,"Effector",0.596,"MLHSTSATVSPITGLLLAFSIHINLISAAHAGFHVQYPWATRGPNPKIRPEIDQYNPFCGEILNSPTEFSHNFRTFLSFSGHPGDLITALYTRQRVPKQRKDFPHIILQEIPIQPSGQLCVNVTLQPFEPHIGDMGVMYFEARDPRTGVVVEYHCTDVKLVDERDALPEDHPAMCAAQNETLIPMPDEWL*"
"35","Sepmu1_116832","scaffold_4",2119604,2119882,"-","jgi.p|Sepmu1|116832",116916,"Effector",0.715,"MYTRYILLLATVLATCNAVAIPKPAPIADPAASPQDFKRALEEKRQYASFNDYADGFDYPKTAKTVREAST*"
"36","Sepmu1_117233","scaffold_5",1012825,1013619,"+","jgi.p|Sepmu1|117233",117317,"Effector",0.898,"MRLVALCLSWIIAVTAFELLGEAPRTDRLSFVKPSKNDATHFGVGSKVDVVWITPYSNTNLEIWQGPRADGSFAMESLLKNASNSTTTFTWKAKPLDNLHFAEAFHFRLQKSDGDVFCDGCIASSVEIRVSNIVNTETSVVADGKSGNDGLGSQDKLMIGLSIGIASAVIAGFITLMCCTQKRKSSNQRGQKRPPTPQSMQHFLQRAFGDNKRERRGKQLP*"
"37","Sepmu1_117241","scaffold_5",1031623,1032450,"+","jgi.p|Sepmu1|117241",117325,"Effector",0.69,"MRFSILSTTLLFTTMASCCPNVDAQRKNSTYPIAPGANLNGTSSNATHSNGNGNGNGNGNGNGAEITPATSGASLAMEKNLLGMLTTTTGAMGMVVWAVFCMNRWRADNDYVDEQSILGNAVDETSTANSSKLNACK*"
"38","Sepmu1_117344","scaffold_5",1330996,1331442,"+","jgi.p|Sepmu1|117344",117428,"Effector",0.864,"MYTKFIAAALCFSAALVAAREINQDDVPDQCLTTPQCQSVVSTATNCGSAATADNGDVFSDKYYLQCACQVDHHDLNDCVSCIQYYKDGGDIAKLQDECGHSHD*"
"39","Sepmu1_117385","scaffold_5",1444214,1444905,"+","jgi.p|Sepmu1|117385",117469,"Effector",0.812,"MQQPIALAAAFFAVGGMAQWSYTDCSQLLGGSGYVCSPDYSTVSYCQPGLEPEVVDSQYCDYGDCWADQFNGFCTYEISKKNQARGPTDCTQVNPEGGYVCSEDYTTLYQCSGSVKAVADICDDPTCFASTTGDQGMCIR*"
"40","Sepmu1_117533","scaffold_5",1891382,1891944,"+","jgi.p|Sepmu1|117533",117617,"Effector",0.846,"MKSLIFLASSALTFAAPQKAPSFSGAALVPTGSRNLAYEQRSDELCVSLSNGYLGDARKGIYQENLCFPADNSIKCNIPRLPNQLRSNVSSIRVPVNEVCSLYIEDNCGGKVTQYSHASDGTNLQGTWFDKKYRSVHCKKLDRPPPAVKFYTPTPDVPISESDATE*"
"41","Sepmu1_117698","scaffold_6",349330,349966,"+","jgi.p|Sepmu1|117698",117782,"Effector",0.729,"MLWPIAVAAAVASSFLLSAGPASALGQLAPRQGGPTGTNDDGEPIDPNAPEISYCFCGNPENGDPDVNATVPICHQYFPGHAITARQEAPGYRPYINCEDVGEKNFNDFGEYCLEHYGLTKSNNGFGGALCCYVPPGGNYSAGYCDAFPPETPSEGSM*"
"42","Sepmu1_117706","scaffold_6",369542,369955,"+","jgi.p|Sepmu1|117706",117790,"Effector",0.909,"MKATILVAAFMACWTNVYAEDCPPCTKFDPSAPNSPCGEMQFGGVGCQCWELGRDKHTYRLFAHKDGTKVEIDENNRIHMWCNDKACIRKDYCKIEPYWRDLADWVHDGSYELPAGNGCCQLPAHYIQHATMYKMPY*"
"43","Sepmu1_117902","scaffold_6",906862,908330,"-","jgi.p|Sepmu1|117902",117986,"Effector",0.621,"MKIATLTALFVAAAVAAAAAVIPIPSIPNNDDTVIIRATTSNGAEQNSLALPNFACYSRWLFSTGNDIISGIPFTAGQSQPSADLASRSLAHSVGLLCNRLGPSSYPTRDAVQSLLVISFNTDNSSNLIVAPFNEIANLKIRGTDIIRLELIAGYGDHDYALLWAPVQEHGIGGLRSIVFKDIGECKIHG*"
"44","Sepmu1_118031","scaffold_6",1267397,1267834,"-","jgi.p|Sepmu1|118031",118115,"Effector",0.756,"MVADARLFFFFFFSGSSSFCAPPSPPPANLHRSYPVRRGAARKLDIGGGGGGGRRRRIGVTCLDRFSQLVTRYGTSFGGDHTARGVMDPAFDLCPAIFSTEIADTWKFFSRKSMMVMNASPYVPICSDFASSGAINGAMETYLTL*"
"45","Sepmu1_118504","scaffold_7",692890,693412,"+","jgi.p|Sepmu1|118504",118588,"Effector",0.728,"MRFFTFVATTLAAVAMASPVPDSQGGYSAHGGSGQGGWNGHAEPLCPAGLASNPQCCQVDVGGVLDLTCQTAPGNPHNIDQFQQACASIGRSPQCCSISLLGNELLCNNPLP*"
"46","Sepmu1_119108","scaffold_8",737095,737587,"-","jgi.p|Sepmu1|119108",119192,"Effector",0.688,"MQFKAALAVIAASAITQTMAAPKLAANSIVARGYGDGPGAPFQIDGSVYGHGIRIEDDGTMTWNYGAIQVIFHLDGTIGYKAANGGDCDVTAVDGPKGSGCGEWIYLTWERDTFPGDVEQCEKYHINCPSY*"
"47","Sepmu1_119328","scaffold_8",1435801,1436191,"-","jgi.p|Sepmu1|119328",119412,"Effector",0.983,"MFNRLLSIFLLVASLLALVQCEQLDGFPYRREVTVMPEAFRSMNHLTRRDTCAGVTCPSGYRKVSYKAATEKVCNCIPSQTCKSGCADFAENCAPPYKPKCNEQTGKCACH*"
"48","Sepmu1_119561","scaffold_9",268106,268940,"+","jgi.p|Sepmu1|119561",119645,"Effector",0.978,"MRFFAAFLAMLGVASAIESYKSVQCGRKNQYIVNTVNRFCAKTNMVAPSTYTRNGLLSLNTYVWLGINGNCNPAQWVPSAICKSQFFDMCISGNDLGANYRRYGRNNCQVWEVSATKSQHGGGSGVQHNNGLGKQGGWKDLKKAFGIHKRDDETHESMKEAENVEGTTNVEQ*"
"49","Sepmu1_119564","scaffold_9",276628,277068,"-","jgi.p|Sepmu1|119564",119648,"Effector",0.846,"MRATAILLTALVAILPAMGEDSKQIFGHDDPIYGDKCNPTQYAHYCAGDLLQCSGGVCDFFSCADDLDCGELPNTFCNKKFDGCTWPGGEYLTDAQKKFYYRWGEKHGDDTNGGEPPAM*"
"50","Sepmu1_119784","scaffold_9",989915,990325,"-","jgi.p|Sepmu1|119784",119868,"Effector",0.908,"MSPPISITTSIVLTFFLLLSPSLAGPPPQCGECSGQAKLFYANDCPAGRAYEKKSWLNDNHYGGGSGCSIITKGNPMSIFKTNAGFRCSVLVYSDDKCTDDYQIDAISISNTGCKNIVSGGRSWQVLCTGRQPPYC*"
"51","Sepmu1_120275","scaffold_10",724797,725161,"-","jgi.p|Sepmu1|120275",120359,"Effector",0.961,"MLFSNLLAALTLAVSASAAAVANAGAEPSIHYTDLEKRERVVQCCVRQVCYPAFQSINCPCTSRKTMGCPEPKSARECCTGGDPI*"
"52","Sepmu1_120312","scaffold_10",820782,821159,"+","jgi.p|Sepmu1|120312",120396,"Effector",0.926,"MVNFITIATALLGVASIADACKQNDCCYAANGGCPSDVYNDCWSKCCGTTKVWEMRKQRNNSWKNVNVYPGVPCAE*"
"53","Sepmu1_120374","scaffold_10",987430,988121,"-","jgi.p|Sepmu1|120374",120458,"Effector",0.927,"MVSSKIFAQLLFSSVALAGSLDLRQAGTKCDSDDACKTPCRTPNIQAQGVNVTPSEKIQEEARRRFGDAHCENKRCACALTSDDQAQDFCKFWIENAREEFKGARYVNGGIDADKGTVYCVYATGG*"
"54","Sepmu1_120584","scaffold_11",64901,65718,"+","jgi.p|Sepmu1|120584",120668,"Effector",0.883,"MQLLQVVALCMSIAATSVHSAAVPGTVVGITPRDAYVTEADLQLRQLEKRDLPPCGKKWVTPGGQDPPQNVIDDAGYCMSHSCPKYKKGWKHEICGYRYENCIRLDVGVTLKNDGFHKQGHWYGEDGTQLVAFRYWQEQVVFRGPNGSGKVYLAHGSTWTCVKGQMNAYLEDAHETLYGNSKDNWDQVWGGPCKCYFDLSTDMGFYVAH*"
"55","Sepmu1_120946","scaffold_11",1176171,1176665,"+","jgi.p|Sepmu1|120946",121030,"Effector",0.554,"MPFATNGGWFMVVAMWLWTGPVLGAQDPGPGQFTNHKRTSMWVSIVSRFQVEWTDWTGENCICVALSHVALLVHQEPSRRHLVDEKSRQPSTLFRYSGTGNTCPVSGILSHPRQNYGCSMSFEAAVTRSWSTAREEPKHEPCSSCATTKFQWAQGLRSCVCIGS*"
"56","Sepmu1_121040","scaffold_11",1498060,1507890,"+","jgi.p|Sepmu1|121040",121124,"Effector",0.912,"MRSPALIFALVGTLVSNCYVFADKKHSKQGNDPDPNHQIPGIDGNAYCSCWLTDPDDPSLYTQESAATDLMCKQLSGGVPSFDLPPDDRFKIYIIPGKTEKLCEHPDSWTKPIRDVFGEGCRELASPGNNITGAWCCPEGNVAKVEEAA*"
"57","Sepmu1_121575","scaffold_13",503420,503800,"-","jgi.p|Sepmu1|121575",121659,"Effector",0.765,"MGSLLKFTLAALFLSLSPLGVEGGLCDDDKGEAWLHYARDCKGWTNHVKWPETTGDLPCQVITNGNVGSVWKSRANDRCAIILYTTPYCDDDHRLDTESANEYGCKNVPWGAKAWKVRCVKDPTCD*"
"58","Sepmu1_121681","scaffold_13",785665,785988,"-","jgi.p|Sepmu1|121681",121765,"Effector",0.905,"MPSSIMLKLLLSSLIAAVSARQICGTCYNAGNKPIFAGSATGGEWKCDAYCDQNMVNAANEVCCEGIYTE*"
"59","Sepmu1_126267","scaffold_6",682426,683515,"+","jgi.p|Sepmu1|126267",126351,"Effector",0.91,"MLKLHFGVMLFATMAAADRTFQRPPIYFGGCDYSPLGRDQAYYNCDWYGTKPGQGGQPECEAVIRDQGGCAWPCKRAGRSGESADWNYLAVAENDGQNICRCRCKLK*"
"60","Sepmu1_127864","scaffold_9",1444422,1445912,"+","jgi.p|Sepmu1|127864",127948,"Effector",0.9,"MASLQRILVSFMVVLTFAFAYFAQTAEAQKGPKITHKVYFDIKQGDEELGRIVMGLYGKTTPKTAENFRALCTGEKGFGYQDSSFHRVIKDFMIQGGDFTKGDGTGGKSIYGAKFDDENFKLKHSKKGLLSMANSGKNTNGSQFFITTVITSWLDGRHVVFGEVLEGMDIVHKIENTPKGGNDKPTVAVTIAKSGELEVPAEGIRAEL*"
"61","Sepmu1_128119","scaffold_10",770712,772460,"-","jgi.p|Sepmu1|128119",128203,"Effector",0.788,"MRLDLSFLVLALYSTSALALAVPVAEANNNAGLSPLLETRQIEERGIFKKIGKALGRLKGGSKWPELKAKLNAPNPNPQPHVPFSGPVINGRIKGNNGKWVKYEPGMENQ*"
"62","Sepmu1_128778","scaffold_12",579969,580500,"+","jgi.p|Sepmu1|128778",128862,"Effector",0.77,"MKFLSTVFLCALTSGLVAAQCDLATNVCEYTNLYLCKRPSSGTKYGNCGQTAKNNCEYGYISRSLLMALFLLLHLPV*"
"63","Sepmu1_129761","scaffold_1",2100798,2101367,"+","jgi.p|Sepmu1|129761",129845,"Effector",0.695,"MAKIMSLYAIALLLAASTVTAQLPGDDWRWCDSGTSGTGYCESRRWHTYCCSAEPASSGPFQTPRQIKATSGTACQEDPNFSGTYLGTVYCAA*"
"64","Sepmu1_131497","scaffold_2",2900975,2902161,"-","jgi.p|Sepmu1|131497",131581,"Effector",0.596,"MRPLFLLQATSVLATTLLHKARPMESRQDDGTVQILVTNKCADTIWPGVSENNGLSNDGFELASGDSRNVSISSTWKGRIWGRTNCTFPNGDSLPGGCLTGECGAMKCVQAGNPPATLAEFDMSGAGDQAYYDISLVDGYNLPMAIVLIPNGVPALSNVKLNQKNPACVGSVNGLAPPDFNPYSGGNSYLGTTSGDELPFEKRSTAQDVSSWCPFDLLVSPPPTPGNGVYPYPDGNIQRPAFNPCNSACLKYRKAKYCCTGSYGRGKCQPNYYSRAAKAICPDTYTFAYEDTSSLFSVDKGGSWEVIFCPGGRSTNILAGSRAT*"
"65","Sepmu1_134225","scaffold_7",42132,42733,"-","jgi.p|Sepmu1|134225",134309,"Effector",0.574,"MQFTTKAIALCSVLASTTLAADVFSVFLDANGGQIGSTQFSIGNGGCFAVDRASQLSFSQAGSEETANGPYCLFGYQQGACPGDGDASQQFQDVDLRGRAYQLDVGLNGAESYRWETNSCPE*"
"66","Sepmu1_134258","scaffold_7",137383,139065,"-","jgi.p|Sepmu1|134258",134342,"Effector",0.718,"MQYFSFLAPLAAFLLLSAALQNNEDIEARNSIFTRSEDELETIPAYANSLFARGEDEEDLHYVHPNYGCRACTCTARVIAPGNGDYFDIGNSNGKLLEALGKGNCATGGQMSDTSGFWEPLSKDRCTDASYKKCKAFSIRGWFQIYRLAGNGPSWSMLCLLLAATERTIQSRNPLSRRTRSLLPTLLNMAIRPALARKKLKSKERFKTYSARNTSDLTGQALWRYTGADTLRARPV*"
"67","Sepmu1_134474","scaffold_7",1030438,1031138,"+","jgi.p|Sepmu1|134474",134558,"Effector",0.834,"MKSIIAGVAALLFLTSTVAAQNYTQSKPFNLILRSSNSTLNGKGLTPCHEGAAIEGLCVSNAPGQAYQWNTTDGQVVSNKNLGKSGILTFELKGGNFVASQPMHLVFNAATNIAHAQFAPVAPSEAAQVGFDRKHKMFIPAYYDDTVVPAKVNKEFGLYHWYICQYNYSGYNYSSLNFVVGNAQPQNPTCQKVDVVRTAIRTGYYKA*"
"68","Sepmu1_135836","scaffold_10",765593,766630,"-","jgi.p|Sepmu1|135836",135920,"Effector",0.676,"MKLTNTIALALSTASTVCGAPQRFHRPGPASMDTVTTVPTIQNRVNVYGKCDPENADADCYDGHHTRPHFPVSSHGSYYLPGANAALPSNTTLLPHRTSPIPEYHPGSTAVATSISSPTNHVDFPCCEAFADMAFPPRITCVKCGPEMGN*"
"69","Sepmu1_136833","scaffold_13",260704,261469,"+","jgi.p|Sepmu1|136833",136917,"Effector",0.652,"MKTTIFAAALAAVFSNGVSAVPSPIAGGSVPPPGAPQGYTKTDTPLQLQKGTLKAGIQAAAASRLQDFQRGYNIPSQVDQHRAIIDFQSAASGNAQFDPWCCQVYGDGFGFCPDEYDYPFAVPTWSTCYTPTNQPYWCLFYYPSNYNPSNYNPNGGWSQYVKPVQPSDFGYLGAQGKVATPLGDVNVYGAGPQCETKEDGTTQCVN*"
"70","Sepmu1_13804","scaffold_9",1133018,1133767,"-","jgi.p|Sepmu1|13804",13888,"Effector",0.58,"MKAALTTLLLCVGAVSAIAVAEPVANADPKKKKKAQSGRKAYQGRFGFCGVAGSNCARMKRSAEAIADAFAEADPDARYQGRFGFCGVAGSNCHKARRAIEHIGELAERSYSEIETRSGRKAYQGRFGFCGVAGSNCKRDAEAEADPKKKKKAQSGRTAYQGRFGFCGVAGSNCAMVKRDARYQGRFGFCGVAGSNCKRDADVEAVANIARAIEEWDPTYLAEVCHSEGGECSALVKAHRAFKQIKRDTE"
"71","Sepmu1_139601","scaffold_2",3017597,3018479,"-","jgi.p|Sepmu1|139601",139685,"Effector",0.564,"MASIRNALVVVACAAFASAARLTVSIPPSQLLPNPSTLPSSSHAILLGPPGVLYDVPLRRDNTFLFSDLPDASYLLTIHSRDYFFPPLRVDVAPYAGEGGSQNISAWATFRGNEWDNKGQPFGTGRDELRIEVRAGAEKQYYQERGGFSILSFLKSPMILMGLASVVLIFGMPYLMDNMDPETREEFEEISKKSPLTGSAGAAVQMQNFDLAGFLAGTTKSSEDAQAGGKKK*"
"72","Sepmu1_142165","scaffold_6",963064,963564,"-","jgi.p|Sepmu1|142165",142249,"Effector",0.772,"MAYLFYTFVFLFLVVATALYATRNVWKPYAPPIPYLTAPGEIPDWAYNIYDRIMAYIDRWRYSALPSSFQNEAEQGFHSSNFDIAENIEGEDSRSGLSGQQKAEIYGIMRRQGVTFDEARRLYTERQFAAAGIGPDGRPLDRKAVVFS*"
"73","Sepmu1_144162","scaffold_10",427237,428137,"+","jgi.p|Sepmu1|144162",144246,"Effector",0.579,"MTPCGLLLLLLLPQTKRDSVVTPSTIDLNASYLISSPYNHLANRLVLDDLEIPYRLFAFALTSLKPIRDDYATAPYLESFNWPDVFALLRDLCRQTGFAWKQLSFYTVIFRSVLLPGIDRGRLALLDQKSHEEACASGGLLKYWFGSTDAELKNLATCLWRSRQDAAAGGAGPWHAKARGAARTMYRDIDFYTHQLVVENGAESWRLDVHVEQRPHR*"
"74","Sepmu1_145946","scaffold_1",1804108,1805705,"-","jgi.p|Sepmu1|145946",146030,"Effector",0.555,"MAAALRWYQAKLASSPLLTQSVTTAVLFATGDTMAQQLVEKKGLQNQDFARSGRMALYGGAVFGPAATKWFGFLQKKVVIPGKPNLEIAARVATDQTVFASTNLFVFLSSMAIMEGTSPKDKLDSTYFNALKSNWMIWPIVQFTNFKFVPLQHRVLLVNVVSLGWNCYLSFLNSQPGGAHDRDGGELPP*"
"75","Sepmu1_146113","scaffold_1",2378252,2379739,"+","jgi.p|Sepmu1|146113",146197,"Effector",0.647,"MAVLFSVVVAVLSLCSLSSAHNILLRAHSRECFHENLHKDDRMTVTFQVGDREFGGSGNLDIDFWIQMPSIGYQVHNLAVSAGDHTFEAKEDGRYTYCFSNEAWSANTKEVSFNVHGVVYVPETEAPQDPLDKEVRAMSELMASVKDEQGYIVVRERTHRNTAESTNARVKWWSLFQIGVLVSEGVFQVWWLKRFFEVKHVV*"
"76","Sepmu1_146475","scaffold_1",3485969,3487909,"-","jgi.p|Sepmu1|146475",146559,"Effector",0.647,"MKLPLAFYLACTAAIASAADSSNSNKNADKPCTITSPTTGSFFDLSSLLIPDPVTSKAKHPKEHSWNATGYDVGYNFTVNFCGPVVEPIEDVVGVDKNVWRNVSAFYRKGDKVYSLGQQNSELVMRGRKLVLNYTDGSPCEEARERRAMMGENLQQRALADDEGNNKNNDTMKTTTSSVRRKSTVISMLCDTDPLAPPLKLSFVGTMDECTYFFEGRSAAACATANTSKATLNPAGVFGVIVVIAIMVYFVGGCVYNRAVLQQRGWQQVPNYGLWQGIFSFFRDLFIILTSSCARYTPSRRGYHRVGQDGGIGGRGRDSDAENRLIDELNEEFDD*"
"77","Sepmu1_146487","scaffold_1",3520431,3522180,"-","jgi.p|Sepmu1|146487",146571,"Effector",0.697,"MKLIILLVSLAASAVEAVIQQQQPLDSGTDFDLIRKLKIAEVIPTVMDEFKPMLTVNITWPKATALVGNTVKVKKVQHTPHVQLFGTLPNFYLTTQDDNEIPQLTLALTDPDARSRDNPDWSQMCHWIITNVPLATASDEAANEGWKEVEQIVEYQPPSPPKKSGKHRYVFAALVPKNGTSATLSLSKPQKRQHWGYGTVRAGLREWAEENGLEVVGANFIYAQDEKQ*"
"78","Sepmu1_146535","scaffold_1",3755110,3755877,"+","jgi.p|Sepmu1|146535",146619,"Effector",0.618,"MKFASTLATLTVLAAGVTALDKPLDIKKTHTVECTTKTKVGDKVEMHYRGTLEKDGSEFDASYNRGTPLPFTLGKGQVIKGWDEGLLDMCVGDKRTLTIQPVYGYGDNAMGPIPAKSVLIFETELVSINGKGAETANAEL*"
"79","Sepmu1_146752","scaffold_1",4480592,4481211,"-","jgi.p|Sepmu1|146752",146836,"Effector",0.561,"MVTVLAVGVGVAAAAFFGRAGLVALRRARGGTSALGKAYYNGGFEKQMNRREAALILETSERGITKEMIRKKHRQLMLLNHPDRGGSPYLATKINEAKEFLEKGAN*"
"80","Sepmu1_147204","scaffold_2",1249289,1250676,"+","jgi.p|Sepmu1|147204",147288,"Effector",0.568,"MGWLTLAYLQSGFPRTAAAMNLPLTTSRFANRAPPPQVPSFLLFLLPSSSFFPPPSKLQHFPPPRKSLPCTHHENLFLSPTTDCTSQRFGNMVQNNDDGEDLMAAIMAKIRLREADGAQVRATSPTGTDPYSGSTAPASHSADEDLTAHEVYRLQRELDRTKERMAQMNLQLDQSRLAQHTMQEAIGSPFPHARRLAANIPVPGLLSAGNQFSQPNDFSRTSRPFERSGYSNPSHS*"
"81","Sepmu1_147218","scaffold_2",1278927,1280073,"-","jgi.p|Sepmu1|147218",147302,"Effector",0.695,"MSAVRGFVVLGSIAAVPLGLVYGHAARQLSSRASSAYSQRTGVFASLPNKNNKSVDPQQAEKDRLRAIRRAEIQEGIRSELEWLHQNDLTCTL*"
"82","Sepmu1_147372","scaffold_2",1772053,1773020,"-","jgi.p|Sepmu1|147372",147456,"Effector",0.584,"MFSILAMLAAAGTVVASNSGQATFYGGNTQGGMCSFSTYTIPSGIYGTAMSSRNWDGSETCGGCIEVTGPNGKKITVMVVDQCPECELNHLDLFQDAFAELADVSKGIIDVTWEYVDCPITTPLQVHMKEGVSRYWFSAQIVNANKRVASMEYSTDGGSSWKSGLTRQPYNYFELSSGTGTDTVAIRAESVDGDRVVVKGVSVTGGNLVKGPANF*"
"83","Sepmu1_147759","scaffold_2",3376352,3378092,"-","jgi.p|Sepmu1|147759",147843,"Effector",0.693,"MKYLAACLTILELVSAHGYFEAPLGRKPGNAFSAACGAQANSMMSSDINGNIQGLQNLVASQSDYDPTKCDFWTCKGMKFEDNTDSVQTYTAGQQVPLYFNIRAPHSGYANVSIIDTTSNSMIAANLSAWDEYALTSIPAKTEWTNFTITIPSDIGTQCSTAGKCAIQMHWNAPPPVDQTYQSCIDFTVGASGGSNASSKKRNVAKSFAA*"
"84","Sepmu1_147931","scaffold_3",485658,486724,"-","jgi.p|Sepmu1|147931",148015,"Effector",0.639,"MDVVLRLLLGICLASSAFTTAQSTDDGSNLVSSIYGGDSTTTASDISTALPTSANGSDNHNDDDHRDVGGLVNYYFVFLALFVIITGLGAFMMYRRKKRAMLMYRHGQSNALQQDVHQWDPTRARRRHWQGRWRSTDETHDDRERNEGLNEHGEAPPPYMPKGRNDEEALHDHAGQGLAVPLETLSREQAGLKPPGYEYAVTEQYGENMNTGATSSTTITSEEAHRTGSAPQYR*"
"85","Sepmu1_148453","scaffold_4",107257,108776,"-","jgi.p|Sepmu1|148453",148537,"Effector",0.783,"MQFSFLSAALLFAVGTISAPTALPADGNVIVTRQSATTCGSYQYTAARVRAALNQGVMYYNNGQQVGDNDYPHTFNNREGFNFAVSGPYQEFPILQNGNVYTGGSPGADRVVFNTNGAYAGAITHTGASGNNFVGCSGTSL*"
"86","Sepmu1_148731","scaffold_4",1112992,1114426,"+","jgi.p|Sepmu1|148731",148815,"Effector",0.689,"MPSFTTTALTLALGLAGLTSATGTLESRQAMNVKPNWKIDNKLIGCGANTCNYSFDINAEEYRATPGFNVKCESVVPLKYGQYIQCILNGATSSIVPGRAVTMVWAAVSMDPSETQESYVYAYLTFQNEMGQTENWSGAVTDSYKDFSSNPIDPIIASKV*"
"87","Sepmu1_148795","scaffold_4",1364587,1366675,"+","jgi.p|Sepmu1|148795",148879,"Effector",0.61,"MAGRHHQHAGSNKRASPSRAFAASIALTSLFYNLFVAASCAYLPDDPLLIGVSIQYYACAGSVLSALGLVGIATKNYALTISLALFLLVDAFLSSIVRLLVLEFFFKEFQDFNVCESSYDPAWTPRNFRHDIVTSVRFQKEYISQARHQQTCRLALGATQVVFVGVLICFTAAQASLAMTVRQCAKELGRKKGERLEVAMAGVISEKPRRSQELPRFSPHDEKLASSFA*"
"88","Sepmu1_148962","scaffold_4",1937761,1938842,"+","jgi.p|Sepmu1|148962",149046,"Effector",0.655,"MKLLTILSSALLATAATARSTIHKRDSNLSVPGENPLEHCKDPKEDILAIKKVDLSPNPPKAGSTLTITASGVLAEDVEDGAKVHLSVKYGLITIIRQEADLCDTVTKVDLECPLKKGDITLTKDVDLPAQIPPGTYSVEANVVSKGGDGITCLKATVAFGKGGLVGTGLFKEGL*"
"89","Sepmu1_149069","scaffold_5",66878,68075,"+","jgi.p|Sepmu1|149069",149153,"Effector",0.74,"MANGVSLIPLFILFVVVGAFAFVGYQIFLWSGELTTKGKEKMEKKHMTFKDGGLQVGVKDRSAEQAADKAQSVLVNAWQNAELPAYKSRLGWNNTYQDPKKAKSGGGGASAAKSSATSPVAGVPGSAPEHRPGAKRIPSTPGSW*"
"90","Sepmu1_149170","scaffold_5",522882,523622,"+","jgi.p|Sepmu1|149170",149254,"Effector",0.771,"MALLICFPGSCPPSLSAMALWCLLLCLPSLQRRCCGAGDGRRAKTAIALIALAGMDYACRHLLLCNCFVHVDTVRCVLALPWSRLGVGEIPT*"
"91","Sepmu1_149202","scaffold_5",684784,685213,"-","jgi.p|Sepmu1|149202",149286,"Effector",0.874,"MLTSSTFTILLALMSSVHHALACQTIAGIGVGCTGFQNEFCDEAALKCPVGQCMTKKTRKSITCQYPVLYPKCIYDVCCPSFALRYWFVSRTGS*"
"92","Sepmu1_149634","scaffold_6",372320,373595,"-","jgi.p|Sepmu1|149634",149718,"Effector",0.72,"MKSTFFAAVAFAALSMAAPITKRQCYIDANGVQKCVSTPPQCTSHPDGTITCISQGSSSSSEAEKEAEEAATENSTLPPTYSSPPTKRQCYINKSGQQTCVKNPTCTTREDGTVVCV*"
"93","Sepmu1_149673","scaffold_6",524168,525080,"+","jgi.p|Sepmu1|149673",149757,"Effector",0.91,"MQFQAIVGALLLLISPAMAQFFNFGNMFGQQQQQQEPQNMGSDSQWYQQNYDGARCDKYLCPHTLSCVHFPHHCPCAFPKTEDKVEFGEGSMACVSKGGFKAGEAQRKIELARKGLL*"
"94","Sepmu1_149800","scaffold_6",1033721,1034965,"+","jgi.p|Sepmu1|149800",149884,"Effector",0.799,"MLFSTTALLGLLTSYASATALTYKFNPNEHECFYAQVDEANAKIAFYFAVQSGGDFDIDYSVFGPEEQPGKDKTILSGTKERQGDFIFTATKTGEYRFCFANVFSTFSDKVVDFDISVENEPRANLPTKGGASVEQLSSVEETIMKLSGQVSTLNRQQKYFRTRENRNFSTVRSTEKRIFNMNVMETIFMIAMAGLQVFIVKMFFTGGRKGYV*"
"95","Sepmu1_149875","scaffold_6",1337108,1337997,"-","jgi.p|Sepmu1|149875",149959,"Effector",0.903,"MRFTSVTALAACLSVAAAIPVADPEAQNAGNGNVHTNKCGMTRFNAQYGFGKPPTLQDCITMITKISSSPHLVDQRKQVGQYGDCAFIVSPTKKGTHAKIGMDDIKDITRDVTNDWANNKDGPTSYEGTIQIGSGGKMSCDSDNNTQVEIYWSIGLWAPKTPRKSKPSN*"
"96","Sepmu1_149887","scaffold_6",1363303,1364240,"+","jgi.p|Sepmu1|149887",149971,"Effector",0.562,"MLRRRLVVCTCMTQMSLRADFTPVVHATPCHATPRRLPACRLQCRQDLLVMPNALGRLQHHVLLPPRGRLIFMRTCISMVPLYPLSCMLPPGICGLEIRTDLIVQTISPADRLCHCNRTVPAHLRALWKILQAAQRHAGEGHSFPSARDMKKAEFVACGHRTNAVCIA*"
"97","Sepmu1_149959","scaffold_6",1704057,1704852,"-","jgi.p|Sepmu1|149959",150043,"Effector",0.959,"MQITYMTGLALTLAWALATVLPPISAAHRSLHKRTLDPAESNSKGMKPVNIDCPPARLSQDIQAAECSHNTRTHEKQTFAVFVIDHDKDKNHGAPYGNCTAYTCDVPTKFVPDENHWSFFWNEEGLEEGHGAGCIKNPRNGKCGCENSDGKFITGADNCK*"
"98","Sepmu1_150067","scaffold_7",209887,210693,"+","jgi.p|Sepmu1|150067",150151,"Effector",0.866,"MLLSQYVLLAAAFGSRLVTSEFINAECKTDDDCQKPCADATNPFTGVFDPHCLANNITASPPKLCDCSVTSDDGCLTFCVDMWAKDYPGSKITAARQYGPDKQECCCAGVCAGPNKADCEAFVGGDPCQV*"
"99","Sepmu1_150135","scaffold_7",423297,424302,"+","jgi.p|Sepmu1|150135",150219,"Effector",0.831,"MAPVSTDCWKWTLNMTAALVFMTICSTSLASAQKCCSGPCTWYRRNEHKLSRSRQVFVCRTQASQTLSHIDIDCRPPSFAMS*"
"100","Sepmu1_150378","scaffold_7",1407827,1409745,"+","jgi.p|Sepmu1|150378",150462,"Effector",0.602,"MRTATIVSVLLTFIVSLAAAVDTEREVKLFAWPLSSEEPHDLAIISYTSSNASIKSYTPPTTSADDSIVRVGYFHDSGEWSGIATSASNFAPNKPKTLQLLVRQDGQLYHLAFKPAEPVSQGKGKSTVDDLTVEVVQITQGPKPALNKPVVVTADGEVEGKEPEKTFLQKYWWAIGLFLLLQVVMGGGKE*"
"101","Sepmu1_150500","scaffold_8",112316,113628,"-","jgi.p|Sepmu1|150500",150584,"Effector",0.605,"MRTATTTFLALASSLFASSAYGCLYFNATLTDTKLSVHSWDDANNNNATNAEDIICKGDDLEQMAPGQWSVPCNRADNAKSDTVFDVFLEPNTKRFMDIIYRYSNPGAEGLQLAAGGENPDEFLFNFRVASVDGSFFKSREFCGQYDILRLIKPEALKNECDSLDTC*"
"102","Sepmu1_150702","scaffold_8",1076776,1078021,"-","jgi.p|Sepmu1|150702",150786,"Effector",0.701,"MGDALASLLSVAHVAVISGGDWPQFQKQVASRLPKHADLSKLWLMPTTGTKLYTYKHSEWQPIYAELFSAEEKQAILTAFDASLAATGFVPEQTWGERIEDRGSQITFSALGQQAPVSAKEVWDPDFAKRKVIQADLYKRLPTLSINMGGATSIDITQKGVDKGYGLKKLRDASGIPLEKMVFIGDAIFPGGNDYPAKQLGLDTILVKNPEDTLAQIAKIVTSIKSTSS*"
"103","Sepmu1_150763","scaffold_8",1295929,1297008,"-","jgi.p|Sepmu1|150763",150847,"Effector",0.776,"MQFPIILTAAAIFAATGLCDRIVHCTVTNMGAGNVKYNNCSPADRQACFQRCQSDCGFDYRLWDASADPASGNCDCWCPCSQNCGSDGFGDNQLKRSAEAEAEAESLPVAVAVAAAGVPEGHSRGIELESGSAN*"
"104","Sepmu1_150789","scaffold_8",1391114,1391964,"-","jgi.p|Sepmu1|150789",150873,"Effector",0.869,"MQFFALLTTAALAAAAPSVLETRGGEKVCASGAPYCCQLDVLGVAAVSCSDVPGSPKSVDEFNKECKHTGLSAQCCEVGGIADLALLCTTPL*"
"105","Sepmu1_150981","scaffold_9",410207,410850,"-","jgi.p|Sepmu1|150981",151065,"Effector",0.755,"MCIFADWTGPDHGRRFAMQACPWMYAVLFLHWLETACARSQTSKADPQGGKVDGEFEHSRDIYVQATYGRRLVM"
"106","Sepmu1_151333","scaffold_10",164474,165386,"+","jgi.p|Sepmu1|151333",151417,"Effector",0.874,"MLASKLYYSLFIWIAALSHLAAADAICGIAGPQCQKCSPNHDPSKTGYCFHYKLASGAEGYNCREAQSCV*"
"107","Sepmu1_151343","scaffold_10",217683,218335,"+","jgi.p|Sepmu1|151343",151427,"Effector",0.804,"MHFPTFIAATCATLAAANQPSTYSNTNTNSYPKSSNTNLTPGTFSITNFVFGCTVNCSYNFDLAVTGSAENHPAVKKPVKCSGSLDSTTDYVECGYVSKTQKLYAYIVKDTNELKLQYEVQRPKNSAVYKYYGEREVFAATGPDAGKQEKEFVVKESLSTGVA*"
"108","Sepmu1_152097","scaffold_12",610027,611059,"-","jgi.p|Sepmu1|152097",152181,"Effector",0.716,"MRSIFSSLALFMSCAEALYFFIEGPTQKCFFEELPKDTLVVGHYKATQYRPNSMQYETVPDMGVFISVDEVFDNEHRIVSQRGRSDGKFTFTAADSGQHRLCFTPTNLDKVNAPDRHGEHVGAVKFELDMAIGETSQIERSDKEKLGEVAQKVKDLNARLQDVRREQIFQREREAEFRDQSENVNSRVVRWTLVQIAVLGVTCAWQLSYLRAFFIKQKLT*"
"109","Sepmu1_152158","scaffold_12",835391,835934,"-","jgi.p|Sepmu1|152158",152242,"Effector",0.646,"MKFSTLLVGLTVVISSSAMPLALPKLQHHQGANAQKKGGSVIQSNCPYQNPLRARATQEDDGSCEKSKRSADPDDAIANRPQDFAVVPNMKKWQTRDADAAAAAPVEEAEEVQRRALYMRA*"
"110","Sepmu1_152261","scaffold_12",1240685,1243029,"-","jgi.p|Sepmu1|152261",152345,"Effector",0.753,"MKTSVILTSLLAGLAMALPEPTKKEYKGTPAKPKYDDDCDSKGYTKGAKGFPIPFTSTYRVKAVPGEVVNANNTLTGGLPGAVGFYDFGINTELETICYYIRLYNVRGEYFSPARTATHVHAGVKGMTGPPRLAFPNPQPVAGKNYRVSVGCMTGPFTTGLTNNSTGTPVDTGVGFTLSQIEANPKGFNADFHTNFTDMAQGINAVPGAARGQLA*"
"111","Sepmu1_152294","scaffold_13",153026,156510,"-","jgi.p|Sepmu1|152294",152378,"Effector",0.63,"MQFKFIAASVAALSVGSAIAGPVPAPVSENGIVAREAAAIAQPEAAPAALKARDIDGDELGSIHSQAWTYAQQKQGEKPSDYDLTKARQYFPSDCWSNNYWSINDYQTIGWTAQVWYIYILYAQYNTYSYKWDTYWPTNWNQWSTYCTPGLYCTGSH*"
"112","Sepmu1_152470","scaffold_13",894290,895430,"-","jgi.p|Sepmu1|152470",152554,"Effector",0.782,"MSTQTRKQYKYSYGRAHILLLLLLLLLSSSRHCRFAFETLSRPEEHRSHTSLTRSTRPSYSNKMRLISSLALVVYATGVYASVMDNRLAQRDPKKHDKELGDGGDDGSNGNNNGNGNTPSTPPECTCDNDTCIVGTINLGGYVIVNYSCKNKFGTTGCLDTNLCDCCQWDKFEDTCKTMYAKNGTALCTYVP*"
"113","Sepmu1_153700","scaffold_1",4590561,4592315,"-","jgi.p|Sepmu1|153700",153784,"Effector",0.572,"MAKSALALFRLCIALAVLIACAHTAVISRDLSTNLVHARSQAGTKAPAKHAAGHPTGQSTSHPKYVDIRELARGGKVIQSFPMTFKNQLPKSIPETGYIPPDEYWTERGLPVPKKNVGQTDRVQPCSATDSHLDLDDNFLSNAVTGNTHVISDTLCAPGTIGKTYSFSYSWSVNFQAGPDLKGTIISQSPVIKHVLDKIGIRGGFAYTFGQATTTSYSKSWNLPQQHPFVLTFKPNILIMSGQGREVKTNGLGAICSIGDTSHFILHVPMMEALE"
"114","Sepmu1_154488","scaffold_2",2438875,2439658,"-","jgi.p|Sepmu1|154488",154572,"Effector",0.767,"MPSQLLTLLLSSMLLSLSTAGLVPLERRAIGCGTCYEVGSKRITINGGNSCYVDCSLQQVDSASEVCCGRFGVGSGWRNGERKGVGSCGANTRGGGGGGEDGKDRVRCRDLSLPLGEVVLILVYGVAIDEKSLDFFKILVFSCVSHHTSLST*"
"115","Sepmu1_154965","scaffold_3",635601,636378,"+","jgi.p|Sepmu1|154965",155049,"Effector",0.577,"MRFSLLIFAVMGSVALAGDEDDNGDLQEYCVCGNNFDPESPIFMTIFNATIDSCTGLLWTLGWYDDMPHCYHTGEFEKIQTFADECVKKPENRATGAQCCPPYDEANPDAPCDHKLGNTGDDPAAIP*"
"116","Sepmu1_155925","scaffold_4",1732648,1735465,"+","jgi.p|Sepmu1|155925",156009,"Effector",0.761,"MRKCPPLCLSLSLSLSLSLATGSPYPSRDMKQQKDHQAAAVPPSNRNWRTDTCKELLLYCTQPRRHSLKPCISQHYIPIMLLSRYVFSLAAFGLGLVTAELLDPALPCASDDFCLQPCKDSVYKDFENDITATCKQTSNGPFCDCTVSSDDNCKKVCVAVYAENYPEAVVKDGYQDNGRTGGCCCTADCSGVKDPEKRKECGGDEADEPQCWLQGRSEPCWLATERCMSKVSSTQDADVEHQYPVQSKSMVPG*"
"117","Sepmu1_157003","scaffold_6",1501718,1502614,"+","jgi.p|Sepmu1|157003",157087,"Effector",0.695,"MQPTTIFTTLLLAASALVDASAINPKYAALIDKRALPSEQGCRACPNGDQVGYGEASAKWSRIDPSIVADAKESFDKTFPAGYEPQLCSQPGINCMTSSADVKWTGVGGLTARWGSWARSDGTIVNAWPHWQSTLQWAGPGGSGTTYNAHCVIFTCAKGKMQAQITNNGQLVGEVKGDGKGDNSAVNRCDCFYDLDSDIYFSLM*"
"118","Sepmu1_157907","scaffold_8",1347640,1348275,"+","jgi.p|Sepmu1|157907",157991,"Effector",0.707,"MHCSSLTAGPLALFALSTQTLGKSTRIPRHNNIEQIPMGNNAPLHEPETAKRPTEETVIHHTVTKTRYEFEFVTATTTSTTTKTATLGPYYTALPEFGVVMKGPPLEIPRRKSKTCNATACAVCRLQYGCQDEREMWCVLIPKNSMLLCLMLINESVYSAMRSHIALVRNRPYMQCSDQRYGLRGELAPASPRSAFVCVALSKLHLISVRS*"
"119","Sepmu1_158080","scaffold_9",293791,294359,"-","jgi.p|Sepmu1|158080",158164,"Effector",0.804,"MLLSKALFLASAATAAMAYQLDRRQSDQNIPDDESFCECIDKDHFPDDTLTQAVCRQYPNGDFAVFESGRVGLNLVGACFNYDFQNDLKAATEEFTKKCQETSNQCKYVAWCFYGSGGENANWISEAPCDADDSF*"
"120","Sepmu1_161261","scaffold_2",431741,432533,"-","jgi.p|Sepmu1|161261",161345,"Effector",0.84,"MRLLFFLLSAFWCCLSQGKQVPAQCLCIAAIPVEFANTATVAVCGGHYGSHYVKTSNTTGDSRCEDPNNPLATTFGQWITETFGEWCVSAGAIGSQCCDRGESTNADGCSIYGPPDPPM*"
"121","Sepmu1_164764","scaffold_7",726104,727093,"-","jgi.p|Sepmu1|164764",164848,"Effector",0.623,"MTRQRPLWQYILLFLSFLSFSLAASPTSFCKCTCNTNSTIIPLDAPPSADKPTAPSTSSKRLFLRDEPQLALALSPRDILPTDGAENRVHGRTCADCNKQFCLSYNLPICAGVKEENVFTTCFQRDSVKDQLVVWIFIVATLGLLTWATVKPWWTRWREGYRAVPAG*"
"122","Sepmu1_23351","scaffold_1",958663,959460,"-","jgi.p|Sepmu1|23351",23435,"Effector",0.592,"MASISKSHSFWTLCGLLLWPITCLTHMEMDWPYALRSKHNPDNDYSNIDYSMTSPLNADGTNFPCKGYQNDRPFQSVTTYTAGSTYNISLAGSATHLGGSCQIALSYDNGATFRVVKSIIGGCPLSSSYDFKIPSFAPSGYALLSWTWQNHAGNREFYQNCAQVKVISSASRRLRRQSFHSFNSLPFIWKANLEGLNDCATAEGSDPVYPKPGPDVVYAGDVTASS"
"123","Sepmu1_34938","scaffold_1",846178,846828,"-","jgi.p|Sepmu1|34938",35022,"Effector",0.694,"MLFLAALVVLVQLALAVPTSNTKNSRRLAVHLTNAITGDCDSLVEESAWVITNLTSFQAYPSANSISYFAFSFEDINPGLGLKTSCSNYLPRGSNATVENDRYHLCDSHDVQFKYNGQILQVERWYQDPCLGKPPYDSAIAHGRANVTFTKTRAQDGVLATQVRMEMPITSLS*"
"124","Sepmu1_36604","scaffold_2",2795355,2796334,"+","jgi.p|Sepmu1|36604",36688,"Effector",0.64,"MFSLATSTGAFLLLAGSAIAQRADGQFWPCNPLFNATGACPPNPGLPTNKYEIDFTKIKSIPDDWTISNYATINFGPDGAEFTFNKRYDAPQLWTNFFIFFGRVDVEMRVANGTGMISSAVLISDDFDEIDFEFSGNNFGNPSFAAGKGQNNYFGKGLTGNYDRGSWFDVSRPQETFHKYSVEWRKAYTNWEVDGKVIRTFNYADSSGDKGNYQYPQTPSKLQLGIWAGGDPGQNSGTMSWAGGMTDIFGGPYTMFVRKVTIHSYNPAYAYNYTDQSGKWESIQL"
"125","Sepmu1_40267","scaffold_3",821711,822358,"+","jgi.p|Sepmu1|40267",40351,"Effector",0.69,"MYTTSTIILSLLQLLIAQPTSAAPLSSPSNNNNNQNNNTTTLNTRTDPNTFQIQIHNNCPFPKQFALYQITSSFAMLEKSSPINIPSKASSTISAPYLETGMRLSGHAEWGASRQWNAQALFEFGYSDITYAGQRLQGTAYDASVMTGSDADIGIGIYPLPNGKGSAKSCVSKTCFPWDCPAEQGWTDPKQVELGSPADTVCYKGKMDFKVVFCP*"
"126","Sepmu1_41052","scaffold_3",158576,159789,"+","jgi.p|Sepmu1|41052",41136,"Effector",0.956,"MARLRSLFNALAVAQFCYAEVAIPKSAGYTALSAPKMIKGANDFKMWEFDRGVNCDPSKEYDDSASTFILEDGASISNVIFGTKQISGVFCLGSCTLTNVWFRSVCDEAVQVYGKGNALIVGGGANNAPNKFVQHDGSGTVTIRGGEYYGISHLYRSCGNCPNNKEHSPRQVIIQNNKIHNVKNDVAGINPNFGDTAQIENNCGENIASICQPYTGMEGSSHGRSLKSTNKNSCHGGQGMATKFPACS"
"127","Sepmu1_41670","scaffold_3",33591,34301,"-","jgi.p|Sepmu1|41670",41754,"Effector",0.601,"MALLFALKLCLAFLLPLVSALKFEIQAHLGHESASKERCIRNFVAKDQLVVVTATISGSKGDGQTLNMHIKDAVGNDYARPRDVVGENRYAFTSHADSAFDVCFENILNHRTSAEATRNVELDIDIGADAKDWSAIQAGEKLKPVEAELRRISEVAKEVVDELEYLRVREMKLRDTNESTNERVKWFAIGTMGMLFALGVWQIVYLRAYFRSKHLI*"
"128","Sepmu1_43533","scaffold_4",1256378,1257532,"-","jgi.p|Sepmu1|43533",43617,"Effector",0.561,"MRLTIFSSAFAVLSCMLGVVSAASYSNPLRTSNGGDPNIVFHEGWYFMMATNFVDLRMTRARTLDGLKNGETKLVWADSTPSRCCNVWAPEMHFYSYAGQLSTPGWAIDGTILRAANKIYFVYSAFLGGGFEQGGKQSLYITPLTGAVKTGEHKLLSQPTQSWELVGNPVNEGPSAIYHGGKTFIAYSGSYCWTSSYAIGTLEWNGGDPMLASSWKKSGPHFSSANGEYGTGHNSFFTSPDGKEIWNVYHSTPDSGGNCGERRYANAAVVRWNGDGTPNFGVPAGYSAMRPGPSGE*"
"129","Sepmu1_46084","scaffold_6",1790737,1791480,"+","jgi.p|Sepmu1|46084",46168,"Effector",0.669,"MKSAILFGLVACAVAAPTHHEVIKRGNLPTPVSAATARSYLSSIPTEAENNSPAYDRDLFNHWITISGNCNTRETVLQRDGSNVVTDSACASTSGSWYSDYDGATWTAASDVDIDHLVPLREAWVSGARNWDNARRQQFANDITRPQLLAVTDNVNQSKGDQDPAEWLPSRTAYQCTYIRAWVQVKYYYGLSMDSAEKTAVTNILNGC*"
"130","Sepmu1_46532","scaffold_6",1509895,1510630,"+","jgi.p|Sepmu1|46532",46616,"Effector",0.654,"MPNPITTTTTTTASIALLSLLLPSLSLATSISSPQWGSNQQYPPSTPPYCADGGELHCCEITFNGGNSAVVAASDLACYDLTPATINCVIASDPFTNGGGTCSGNYACCQVNDLVPLLGLFCSDPPGGCVGSAEGNGECTDILSNGDGFRFGQCGKNDVRNIRGLLGLSVGDVDIKRREEVVEKREALLEGKRRELVEMVRMGEL*"
"131","Sepmu1_49002","scaffold_8",1250808,1251101,"+","jgi.p|Sepmu1|49002",49086,"Effector",0.702,"MPPPLYTKPTFLLSILNLCATGGATYYLQNQISYSLEENEARADEIEGTLRGHIGLIHEAHERIEAKIGSAGIGKGGLENRELYDQRGRDEGKKGGK*"
"132","Sepmu1_50268","scaffold_9",339398,340051,"+","jgi.p|Sepmu1|50268",50352,"Effector",0.592,"MIGFKVFSLLGLALGVAAQGSFGASENSAKILSLLVEADKVTVKSGQAAAAYTPNNQRATKNLENLNAQLLQSWQAVTTAAQSSQGFYTASGAQAIVDFLNKRLGPDTTAADLIYTNQRDTFVKGGFIDYINPGLLKLRTAVDAASAAVKTKTPAKYLTPMDLGFLIVVQDYANTQEIQQFGGNASVFSGSLCTSPVPPYNSGKSGKSGKSPKSYSS*"
"133","Sepmu1_53918","scaffold_12",352523,352936,"+","jgi.p|Sepmu1|53918",54002,"Effector",0.653,"MHASAAFFVALAGFATAQSTSSVLPVSGCGESIDLIIQSCLGTTQAQYNACTPNDWSCLCEQANNVLTCYNNCPSAPQRFGFEQTKVAQCNAASAYVHPSSACN*"
"134","Sepmu1_56720","scaffold_1",2055065,2055614,"+","jgi.p|Sepmu1|56720",56804,"Effector",0.575,"MAKNKPQQGAKGAPNKHLVARIAFLHQAALLLASQAAAPSAQPESTNSTADHGTAQLHELDTNATRRQPPRSGLPFYFTAQLKQVALKSQVRLQTDVKRAICKACNAMLIEHQTCITGVENLSRGGKKDKANVSVVECLACGCKRRVPLGAARQQNKSKREVPKTGSAAHADEPIGHS*"
"135","Sepmu1_57883","scaffold_1",3508197,3509112,"-","jgi.p|Sepmu1|57883",57967,"Effector",0.629,"MGRFRGGASRHGAPKKPALTHFLCLPLVNASSKPQLEQALETFRQDLTGAGPRASATSVEAGNDGSNFLPIIDTKALRPTGALHLTLGVMSLKEEQLIKAANCLQNLDLASILSEASPDANQAGAREDLRISLRGLESMHDVRKTSILYAAPTDATNRLYPLCLAVQKFFEAEGFLLEDDRKLKLHATIINTIYAKARRKPNEKSVIVPSTGQSISSHSEVTSDGDPRGHGPNANAPLKFDARSIVEKYKGYIWADSIVLDRISICEMGAKKITDSSGEVVDACYTEVASIKLSA*"
"136","Sepmu1_61626","scaffold_2",3358122,3359607,"+","jgi.p|Sepmu1|61626",61710,"Effector",0.643,"MKFTSVLASACLFGIALSVDDSLYAPGPGVEPEFKAYLNELYYQAEQPPSTTEFTDFFTPDGKLIVRGIVATGAAEILALKQRLLPTAGNKHWNHIQNATTVDSESSTQKTYQVLGIIDTTYDGGNCSRAYYSSRFTVIKGAGGALDLSPRVKNLAAYDDFIIQPSVSPTDIPCEKV*"
"137","Sepmu1_66005","scaffold_5",1106011,1106709,"-","jgi.p|Sepmu1|66005",66089,"Effector",0.758,"MTRKLNLLLLVATTIPSPSHAQTYQIEPSQLVNIRCSTNNNNNKLPTPTYGDKHIIFTICVEREIQAPITQVYNTLLDFRLYSDWNSFVIDVQPSSSSSGNVEGEIPRGPAPLGTKVKFITRGLIGSLNTTSEEIVTVDQKDIFSSSSSAEGTSSEGTASRHAINAWRYDGVGQRAEHPNVLTDLGERGTRYVSFESYYGLLAPVTEVLKGKLKSAFEAQADDLKRFVEGGR*"
"138","Sepmu1_69422","scaffold_8",86265,87397,"-","jgi.p|Sepmu1|69422",69506,"Effector",0.636,"MQYQFFAVLAVLAQFPDVLGKTIVPKKAGLSGYPGIQSTQSFKDLSRYIGWYSDYNPDTPNVGRVQGVPMLWGGPGSNCDASAQRVQTFQATVAKSTPRLMLGFYEPDCSCPYSSEMTVQAAATNWNNLLAPLAKKGTVLGSPSMCKQKDEDFLTPFQAQITRSWNLTSIHINKPDLAGVKADVEYYRKKYGKPIFVSEFACVYDQGGFTPCTDQRAINNFVKSTVKYLQSQSDVVGYGPSNGAGLGSVWPLTKSDGTLSRTGKTYLNAIKAL*"
"139","Sepmu1_69982","scaffold_8",1008091,1009455,"+","jgi.p|Sepmu1|69982",70066,"Effector",0.591,"MTLFPGVALVTGAASGIGQATAISFVREGCRKVAIAGQNPAGLAETEQLMRDLVSTSVAGELDIVCHTTDVSQEAEIDALLEKTVRDLGRVDYAVNCAGVLQKEQSSHETSVEDFDRINSVNYRGCWLSSRAEIKQMLKQEPLPTHDGRPGNRGAIVNIASQLGIVGRPGAPAYCASKAAVISLTQCDAIDYSKDNIRVNCVCPGVIDTPMTRPHMDTYKPAIAIAPMNRPGTAQEIADTVLFLCSSKATFCQGMALICDGGYVQN*"
"140","Sepmu1_70497","scaffold_8",1741782,1744339,"+","jgi.p|Sepmu1|70497",70581,"Effector",0.56,"MPSATVIAGTVFALIAVFAGYIYLVGIPPEMKRKLEKQALRTMGENKASYMFKSQLDAVPDGPGGPGSEELKDVKKGLGDIGGSALQNPLGEAAGEGADEATRPLTGR*"
"141","Sepmu1_71915","scaffold_10",403023,404315,"-","jgi.p|Sepmu1|71915",71999,"Effector",0.589,"MKFFVALAIAAAATCASAQERKCGSVNPPADLKFETTTEPTSDIVERAARRARYTVDTYVHVITSQNKSDLYPRSMVEEQMRVMNEAYASSRIAFNTKSIDYTVNDAYAKTVDGPLELEYKTKLRKGGYDDLNLYFLSDLGGGLLGFCYFPEQRPDAEQRVLDGCVNLAGSMPGGETQNYNLGATAVHEAGHWFGLFHTFQDDGLGCQGKGDYVPDTPQQLTPTRGCPTTNPDTCPNRGVDPIHNYMDYSTDICMNQFSFLQSLRMRVMYATRRRPNRDRKA*"
"142","Sepmu1_91280","scaffold_9",1261926,1263045,"+","jgi.p|Sepmu1|91280",91364,"Effector",0.567,"MLASSFLLGLCGLTTLVAATPTDPPVDAPEPKADPVSCPFNGTVGPMLMLANVTLPDNTFEINAWIYGLNWCSSANLISRNNNDICDLPPTGPNTAFEFMHAPMFNKFGRPVEGCYANMDVLFQGCDITMGGSVTDYGAVVAQFTSKDKMSQYTYQCVQDVEYHGCVYNSQVQPFSEIKYEAFMSCGIIAEP*"
